clase,f1_score
0,0.704403
1,0.752688
2,0.0375
3,0.5387
4,0.0682927
5,0.075188
6,0.147157
7,0.582857
8,0.436059
9,0.458599
